{
  "success": "<:valider:774806924712476674>",
  "fail": "<:alcatraz_fail:776109858847064065>",
  "info": "<:alcatraz_info:776109859020079144>",
  "fun": "<:alcatraz_fun:776109856578338864>",
  "couleur": "<:alcatraz_color:776109859145252935>",
  "points": "<:alcatraz_points:776109859178807306>",
  "general": "<:alcatraz_misc:776109858927411231>",
  "nsfw": "<:alcatraz_nsfw:776109859010510868>",
  "moderation": "<:alcatraz_mod:776109858889924669>",
  "admin": "<:alcatraz_admin:776109851175813170>",
  "owner": "<:alcatraz_owner:776109858948251658>",
  "discord_employee": "<:alcatraz_staff_discord:776109858302459915>",
  "discord_partner": "<:alcatraz_partner_discord:776109856632340480>",
  "bughunter_level_1": "<:alcatraz_bug_hunter:776109852710666290>",
  "bughunter_level_2": "<:alcatraz_bug_hunter2:776109852787081266>",
  "hypesquad_events": "<:alcatraz_hypesquad:776109854339235881>",
  "house_brilliance": "<:alcatraz_bravery:776109851918729287>",
  "house_bravery": "<:alcatraz_brilliance:776109852170387457>",
  "house_balance": "<:alcatraz_balance:776109851192721469>",
  "early_supporter": "<:alcatraz_early_supporter:776109855793610772>",
  "verified_bot": "<:VERIFIED_BOT:735345343037833267>",
  "verified_developer": "<:VERIFIED_DEVELOPER:735340154310361202>",
  "online": ":green_circle:",
  "idle": ":yellow_circle:",
  "offline": ":white_circle:",
  "dnd": ":red_circle:",
  "verify": "<:alcatraz_valider:776109858948120636>",
  "voice": "<:alcatraz_voice:776109859317612554>",
  "pong": "<:alcatraz_pong:776109858914041856>",
  "pseudo": "<:alcatraz_pseudo:776109859568353321>",
  "id": "<:alcatraz_id:776109854967595070>",
  "surnom": "<:alcatraz_surnom:776109859220619304>",
  "statut": "<:alcatraz_statut:776109859241984001>",
  "join_serveur": "<:alcatraz_uptime:776109858885337089>",
  "join_discord": "<:alcatraz_uptime:776109858885337089>",
  "roles": "<:alcatraz_roles:776109859279077396>",
  "badge": "<:alcatraz_badge:776109851536392202>",
  "prefix": "<:alcatraz_pin:776109855970164776>",
  "version": "<:alcatraz_version:776109859468607539>",
  "library": "<:alcatraz_library:776109855102599183>",
  "liens": "<:alcatraz_liens:776109858197209109>",
  "version": "<:alcatraz_servers:776109858323038230>",
  "database": "<:alcatraz_database:776109855084773406>",
  "members": "<:alcatraz_members:776109859099639848>",
  "uptime": "<:alcatraz_uptime:776109858885337089>",
  "servers": "<:alcatraz_servers:776109858323038230>",
  "world": "<:alcatraz_world:776109859451437086>",
  "bot": "<:alcatraz_bot:776109851780186132>",
  "afk": "<:alcatraz_afk:776109851159298082>",
  "boost": "<:alcatraz_boost:776109851780579378>",
  "creation": "<:alcatraz_creation:776109858503786547>",
  "text": "<:alcatraz_text:776109856322617365>",
  "verification": "<:alcatraz_verification:776109859132145704>",
  "emojis": "<:alcatraz_emojis:776186958120091668>",
  "discriminateur": "<:alcatraz_tag:776109856448446474>"

}